inpupr,inpuit,inpunm,inpude,inpudo,inpusx
"Peru_HIWAI","Population",   1,"N","x",1
"Peru_HIWAI","GDP_Total ",   2,"N","x",1
"Peru_HIWAI","Cur2USD   ",   3,"N","x",1
"Peru_BOD  ","FrColleUrb",   1,"N","x",1
"Peru_BOD  ","FrTreatUrb",   2,"N","x",1
"Peru_BOD  ","TrEffltUrb",   3,"N","x",1
"Peru_BOD  ","TrSludgUrb",   4,"N","x",1
"Peru_BOD  ","UnEffltUrb",   5,"N","x",1
"Peru_BOD  ","UnSludgUrb",   6,"N","x",1
"Peru_BOD  ","FrColleRur",   7,"N","x",1
"Peru_BOD  ","FrTreatRur",   8,"N","x",1
"Peru_BOD  ","TrEffltRur",   9,"N","x",1
"Peru_BOD  ","TrSludgRur",  10,"N","x",1
"Peru_BOD  ","UnEffltRur",  11,"N","x",1
"Peru_BOD  ","UnSludgRur",  12,"N","x",1
"Peru_BOD  ","UrbanThres",  13,"Y","x",1
"Peru_BOD  ","RiverThres",  14,"Y","x",1
"Peru_BOD  ","Settlement",  15,"N","x",1
"Peru_BOD  ","Streamordr",  16,"N","x",1
"Peru_BOD  ","Population",  17,"N","x",1
"Peru_BOD  ","GDP_Fact  ",  18,"N","x",1
"Peru_BOD  ","Admin_Lev1",  19,"N","x",1
"Peru_BOD  ","GDPtoWat  ",  20,"N","x",1
"Peru_Mines","RiverThres",   1,"Y","x",1
"Peru_Mines","Streamordr",   2,"N","x",1
"EM_GSS    ","nsrca     ",   1,"Y","x",1
"EM_GSS    ","nsrcb     ",   2,"Y","x",1
"EM_GSS    ","nreceptor ",   3,"Y","x",1
"EM_GSS    ","DELT      ",   4,"N","x",1
"EM_GSS    ","ITIME     ",   5,"N","x",1
"EM_GSS    ","TotArea   ",   6,"N","x",1
"EM_GSS    ","fPaved    ",   7,"N","x",1
"EM_GSS    ","fUnpaved  ",   8,"N","x",1
"EM_GSS    ","fOpenWater",   9,"N","x",1
"EM_GSS    ","Rainfall  ",  10,"N","x",1
"EM_GSS    ","RunoffPav ",  11,"N","x",1
"EM_GSS    ","RunoffUnp ",  12,"N","x",1
"EM_GSS    ","Infiltr   ",  13,"N","x",1
"EM_GSS    ","TotalFlow ",  14,"N","x",1
"EM_GSS    ","fComSew   ",  15,"Y","x",1
"EM_GSS    ","SewLeakage",  16,"N","x",1
"EM_GSS    ","LocWWTP   ",  17,"Y","x",1
"EM_GSS    ","RecWWTP   ",  18,"Y","x",1
"EM_GSS    ","LocSTW    ",  19,"Y","x",1
"EM_GSS    ","RecSTW    ",  20,"Y","x",1
"EM_GSS    ","kBurial   ",  21,"Y","x",1
"EM_GSS    ","DecPav    ",  22,"N","x",1
"EM_GSS    ","DecUnp    ",  23,"N","x",1
"EM_GSS    ","KdUnpa    ",  24,"N","x",1
"EM_GSS    ","EF_DDp    ",  25,"N","x",1
"EM_GSS    ","EF_WDp    ",  26,"N","x",1
"EM_GSS    ","Eff_WWTP  ",  27,"Y","x",1
"EM_GSS    ","Sld_WWTP  ",  28,"Y","x",1
"EM_GSS    ","EV_A01    ",  29,"Y","x",1
"EM_GSS    ","LOC_A01   ",  30,"Y","x",1
"EM_GSS    ","EF_A01    ",  31,"Y","x",1
"EM_GSS    ","A01toSew  ",  32,"Y","x",1
"EM_GSS    ","A01toPav  ",  33,"Y","x",1
"EM_GSS    ","A01toUnp  ",  34,"Y","x",1
"EM_GSS    ","A01toStw  ",  35,"Y","x",1
"EM_GSS    ","A01toSfw  ",  36,"Y","x",1
"EM_GSS    ","A01toSoi  ",  37,"Y","x",1
"EM_GSS    ","EV_B01    ",  38,"Y","x",1
"EM_GSS    ","EF_B01    ",  39,"Y","x",1
"EM_GSS    ","B01toSew  ",  40,"Y","x",1
"EM_GSS    ","B01toPav  ",  41,"Y","x",1
"EM_GSS    ","B01toUnp  ",  42,"Y","x",1
"EM_GSS    ","B01toStw  ",  43,"Y","x",1
"EM_GSS    ","B01toSfw  ",  44,"Y","x",1
"EM_GSS    ","B01toSoi  ",  45,"Y","x",1
"EM_GSS    ","EV_B02    ",  46,"Y","x",1
"EM_GSS    ","EF_B02    ",  47,"Y","x",1
"EM_GSS    ","B02toSew  ",  48,"Y","x",1
"EM_GSS    ","B02toPav  ",  49,"Y","x",1
"EM_GSS    ","B02toUnp  ",  50,"Y","x",1
"EM_GSS    ","B02toStw  ",  51,"Y","x",1
"EM_GSS    ","B02toSfw  ",  52,"Y","x",1
"EM_GSS    ","B02toSoi  ",  53,"Y","x",1
"EM_GSS    ","EV_B03    ",  54,"Y","x",1
"EM_GSS    ","EF_B03    ",  55,"Y","x",1
"EM_GSS    ","B03toSew  ",  56,"Y","x",1
"EM_GSS    ","B03toPav  ",  57,"Y","x",1
"EM_GSS    ","B03toUnp  ",  58,"Y","x",1
"EM_GSS    ","B03toStw  ",  59,"Y","x",1
"EM_GSS    ","B03toSfw  ",  60,"Y","x",1
"EM_GSS    ","B03toSoi  ",  61,"Y","x",1
"EM_GSS    ","EV_B04    ",  62,"Y","x",1
"EM_GSS    ","EF_B04    ",  63,"Y","x",1
"EM_GSS    ","B04toSew  ",  64,"Y","x",1
"EM_GSS    ","B04toPav  ",  65,"Y","x",1
"EM_GSS    ","B04toUnp  ",  66,"Y","x",1
"EM_GSS    ","B04toStw  ",  67,"Y","x",1
"EM_GSS    ","B04toSfw  ",  68,"Y","x",1
"EM_GSS    ","B04toSoi  ",  69,"Y","x",1
"EM_GSS    ","EV_B05    ",  70,"Y","x",1
"EM_GSS    ","EF_B05    ",  71,"Y","x",1
"EM_GSS    ","B05toSew  ",  72,"Y","x",1
"EM_GSS    ","B05toPav  ",  73,"Y","x",1
"EM_GSS    ","B05toUnp  ",  74,"Y","x",1
"EM_GSS    ","B05toStw  ",  75,"Y","x",1
"EM_GSS    ","B05toSfw  ",  76,"Y","x",1
"EM_GSS    ","B05toSoi  ",  77,"Y","x",1
"EM_GSS    ","EV_B06    ",  78,"Y","x",1
"EM_GSS    ","EF_B06    ",  79,"Y","x",1
"EM_GSS    ","B06toSew  ",  80,"Y","x",1
"EM_GSS    ","B06toPav  ",  81,"Y","x",1
"EM_GSS    ","B06toUnp  ",  82,"Y","x",1
"EM_GSS    ","B06toStw  ",  83,"Y","x",1
"EM_GSS    ","B06toSfw  ",  84,"Y","x",1
"EM_GSS    ","B06toSoi  ",  85,"Y","x",1
"EM_GSS    ","EV_B07    ",  86,"Y","x",1
"EM_GSS    ","EF_B07    ",  87,"Y","x",1
"EM_GSS    ","B07toSew  ",  88,"Y","x",1
"EM_GSS    ","B07toPav  ",  89,"Y","x",1
"EM_GSS    ","B07toUnp  ",  90,"Y","x",1
"EM_GSS    ","B07toStw  ",  91,"Y","x",1
"EM_GSS    ","B07toSfw  ",  92,"Y","x",1
"EM_GSS    ","B07toSoi  ",  93,"Y","x",1
"EM_GSS    ","EV_B08    ",  94,"Y","x",1
"EM_GSS    ","EF_B08    ",  95,"Y","x",1
"EM_GSS    ","B08toSew  ",  96,"Y","x",1
"EM_GSS    ","B08toPav  ",  97,"Y","x",1
"EM_GSS    ","B08toUnp  ",  98,"Y","x",1
"EM_GSS    ","B08toStw  ",  99,"Y","x",1
"EM_GSS    ","B08toSfw  ", 100,"Y","x",1
"EM_GSS    ","B08toSoi  ", 101,"Y","x",1
"EM_GSS    ","Sew       ", 102,"N","x",1
"EM_GSS    ","Pav       ", 103,"N","x",1
"EM_GSS    ","Unp       ", 104,"N","x",1
"EM_GSS    ","Stw       ", 105,"N","x",1
"EM_GSS    ","Sfw       ", 106,"N","x",1
"EM_GSS    ","Soi       ", 107,"N","x",1
