outfpr,outffl,outfnm,outfdo
"EM_GSS    ","dRelAtmSew",   1," "
"EM_GSS    ","dRelAtmPav",   2," "
"EM_GSS    ","dRelAtmUnp",   3," "
"EM_GSS    ","dRelAtmStw",   4," "
"EM_GSS    ","dRelAtmSfw",   5," "
"EM_GSS    ","dRelAtmSoi",   6," "
"EM_GSS    ","dRelA01Sew",   7," "
"EM_GSS    ","dRelA01Pav",   8," "
"EM_GSS    ","dRelA01Unp",   9," "
"EM_GSS    ","dRelA01Stw",  10," "
"EM_GSS    ","dRelA01Sfw",  11," "
"EM_GSS    ","dRelA01Soi",  12," "
"EM_GSS    ","dRelB01Sew",  13," "
"EM_GSS    ","dRelB01Pav",  14," "
"EM_GSS    ","dRelB01Unp",  15," "
"EM_GSS    ","dRelB01Stw",  16," "
"EM_GSS    ","dRelB01Sfw",  17," "
"EM_GSS    ","dRelB01Soi",  18," "
"EM_GSS    ","dRelB02Sew",  19," "
"EM_GSS    ","dRelB02Pav",  20," "
"EM_GSS    ","dRelB02Unp",  21," "
"EM_GSS    ","dRelB02Stw",  22," "
"EM_GSS    ","dRelB02Sfw",  23," "
"EM_GSS    ","dRelB02Soi",  24," "
"EM_GSS    ","dRelB03Sew",  25," "
"EM_GSS    ","dRelB03Pav",  26," "
"EM_GSS    ","dRelB03Unp",  27," "
"EM_GSS    ","dRelB03Stw",  28," "
"EM_GSS    ","dRelB03Sfw",  29," "
"EM_GSS    ","dRelB03Soi",  30," "
"EM_GSS    ","dRelB04Sew",  31," "
"EM_GSS    ","dRelB04Pav",  32," "
"EM_GSS    ","dRelB04Unp",  33," "
"EM_GSS    ","dRelB04Stw",  34," "
"EM_GSS    ","dRelB04Sfw",  35," "
"EM_GSS    ","dRelB04Soi",  36," "
"EM_GSS    ","dRelB05Sew",  37," "
"EM_GSS    ","dRelB05Pav",  38," "
"EM_GSS    ","dRelB05Unp",  39," "
"EM_GSS    ","dRelB05Stw",  40," "
"EM_GSS    ","dRelB05Sfw",  41," "
"EM_GSS    ","dRelB05Soi",  42," "
"EM_GSS    ","dRelB06Sew",  43," "
"EM_GSS    ","dRelB06Pav",  44," "
"EM_GSS    ","dRelB06Unp",  45," "
"EM_GSS    ","dRelB06Stw",  46," "
"EM_GSS    ","dRelB06Sfw",  47," "
"EM_GSS    ","dRelB06Soi",  48," "
"EM_GSS    ","dRelB07Sew",  49," "
"EM_GSS    ","dRelB07Pav",  50," "
"EM_GSS    ","dRelB07Unp",  51," "
"EM_GSS    ","dRelB07Stw",  52," "
"EM_GSS    ","dRelB07Sfw",  53," "
"EM_GSS    ","dRelB07Soi",  54," "
"EM_GSS    ","dRelB08Sew",  55," "
"EM_GSS    ","dRelB08Pav",  56," "
"EM_GSS    ","dRelB08Unp",  57," "
"EM_GSS    ","dRelB08Stw",  58," "
"EM_GSS    ","dRelB08Sfw",  59," "
"EM_GSS    ","dRelB08Soi",  60," "
"EM_GSS    ","dpav2sew  ",  61," "
"EM_GSS    ","dpav2stw  ",  62," "
"EM_GSS    ","dpav2dec  ",  63," "
"EM_GSS    ","dunp2sfw  ",  64," "
"EM_GSS    ","dunp2soi  ",  65," "
"EM_GSS    ","dunp2dec  ",  66," "
"EM_GSS    ","dsew2sfwl ",  67," "
"EM_GSS    ","dsew2rem  ",  68," "
"EM_GSS    ","dsew2sfwe ",  69," "
"EM_GSS    ","dsew2soi  ",  70," "
"EM_GSS    ","dstw2sfw  ",  71," "
"EM_GSS    ","dsfw2exp  ",  72," "
"EM_GSS    ","dsoi2exp  ",  73," "
"EM_GSS    ","dSewReloc ",  74," "
"EM_GSS    ","dStwReloc ",  75," "
