<?xml version="1.0" encoding="UTF-8"?><?xml-stylesheet type='text/xsl' href='_UpgradeReport_Files/UpgradeReport.xslt'?><UpgradeLog>
<Properties><Property Name="Solution" Value="D3Dwaq_OpenPL">
</Property><Property Name="Solution File" Value="D:\Projecten\1209104\Test\OpenPB\D3Dwaq_OpenPL.sln">
</Property><Property Name="Date" Value="Monday, June 16, 2014">
</Property><Property Name="Time" Value="15:52 PM">
</Property></Properties><Event ErrorLevel="0" Project="" Source="D3Dwaq_OpenPL.sln" Description="Solution converted successfully">
</Event><Event ErrorLevel="3" Project="" Source="D3Dwaq_OpenPL.sln" Description="Converted">
</Event></UpgradeLog>