r2_cid,r2_sid
"Sobek     ","CBODu     "
"Delft3D   ","CBODu     "
"Sobek     ","NH4       "
"Delft3D   ","NH4       "
"Sobek     ","NO3       "
"Delft3D   ","NO3       "
"Sobek     ","PON1      "
"Delft3D   ","PON1      "
"Sobek     ","PON2      "
"Delft3D   ","PON2      "
"Sobek     ","DON       "
"Delft3D   ","DON       "
"Sobek     ","PO4       "
"Delft3D   ","PO4       "
"Sobek     ","AAP       "
"Delft3D   ","AAP       "
"Sobek     ","POP1      "
"Delft3D   ","POP1      "
"Sobek     ","POP2      "
"Delft3D   ","POP2      "
"Sobek     ","DOP       "
"Delft3D   ","DOP       "
"Sobek     ","IM1       "
"Delft3D   ","IM1       "
"Sobek     ","IM2       "
"Delft3D   ","IM2       "
"Sobek     ","IM3       "
"Delft3D   ","IM3       "
"Sobek     ","EColi     "
"Delft3D   ","EColi     "
"Sobek     ","FColi     "
"Delft3D   ","FColi     "
"Sobek     ","TColi     "
"Delft3D   ","TColi     "
"Sobek     ","cTR1      "
"Delft3D   ","cTR1      "
"Sobek     ","dTR1      "
"Delft3D   ","dTR1      "
"Sobek     ","cTR2      "
"Delft3D   ","cTR2      "
"Sobek     ","dTR2      "
"Delft3D   ","dTR2      "
"Sobek     ","Salinity  "
"Delft3D   ","Salinity  "
"Sobek     ","TIC       "
"Delft3D   ","TIC       "
"Sobek     ","Alka      "
"Delft3D   ","Alka      "
"Sobek     ","Continuity"
"Delft3D   ","Continuity"
"Sobek     ","NatTemp   "
"Delft3D   ","NatTemp   "
"Sobek     ","ModTemp   "
"Delft3D   ","ModTemp   "
"Sobek     ","EM01      "
"Delft3D   ","EM01      "
"Sobek     ","EM02      "
"Delft3D   ","EM02      "
"Sobek     ","EM03      "
"Delft3D   ","EM03      "
"Sobek     ","EM04      "
"Delft3D   ","EM04      "
"Sobek     ","EM05      "
"Delft3D   ","EM05      "
"Sobek     ","FrCon     "
"Delft3D   ","FrCon     "
"Sobek     ","FrFlow    "
"Delft3D   ","FrFlow    "
"Sobek     ","SalBnd    "
"Delft3D   ","SalBnd    "
"Sobek     ","Cl        "
"Delft3D   ","Cl        "
"Sobek     ","OXY       "
"Delft3D   ","OXY       "
"Sobek     ","ALLACTIVE "
"Delft3D   ","ALLACTIVE "
"Sobek     ","dTR3      "
"Delft3D   ","dTR3      "
"Sobek     ","dTR4      "
"Delft3D   ","dTR4      "
"Sobek     ","dTR5      "
"Delft3D   ","dTR5      "
"Sobek     ","SM01      "
"Delft3D   ","SM01      "
"Sobek     ","SM02      "
"Delft3D   ","SM02      "
"Sobek     ","SM03      "
"Delft3D   ","SM03      "
"Sobek     ","SM04      "
"Delft3D   ","SM04      "
"Sobek     ","SM05      "
"Delft3D   ","SM05      "
"Sobek     ","CO2       "
"Delft3D   ","CO2       "
"Sobek     ","BLOOMALG01"
"Delft3D   ","BLOOMALG01"
"Sobek     ","BLOOMALG02"
"Delft3D   ","BLOOMALG02"
"Sobek     ","BLOOMALG03"
"Delft3D   ","BLOOMALG03"
"Sobek     ","BLOOMALG04"
"Delft3D   ","BLOOMALG04"
"Sobek     ","BLOOMALG05"
"Delft3D   ","BLOOMALG05"
"Sobek     ","BLOOMALG06"
"Delft3D   ","BLOOMALG06"
"Sobek     ","BLOOMALG07"
"Delft3D   ","BLOOMALG07"
"Sobek     ","BLOOMALG08"
"Delft3D   ","BLOOMALG08"
"Sobek     ","BLOOMALG09"
"Delft3D   ","BLOOMALG09"
"Sobek     ","BLOOMALG10"
"Delft3D   ","BLOOMALG10"
"Sobek     ","BLOOMALG11"
"Delft3D   ","BLOOMALG11"
"Sobek     ","BLOOMALG12"
"Delft3D   ","BLOOMALG12"
"Sobek     ","BLOOMALG13"
"Delft3D   ","BLOOMALG13"
"Sobek     ","BLOOMALG14"
"Delft3D   ","BLOOMALG14"
"Sobek     ","BLOOMALG15"
"Delft3D   ","BLOOMALG15"
"Sobek     ","BLOOMALG16"
"Delft3D   ","BLOOMALG16"
"Sobek     ","BLOOMALG17"
"Delft3D   ","BLOOMALG17"
"Sobek     ","BLOOMALG18"
"Delft3D   ","BLOOMALG18"
"Sobek     ","BLOOMALG19"
"Delft3D   ","BLOOMALG19"
"Sobek     ","BLOOMALG20"
"Delft3D   ","BLOOMALG20"
"Sobek     ","BLOOMALG21"
"Delft3D   ","BLOOMALG21"
"Sobek     ","BLOOMALG22"
"Delft3D   ","BLOOMALG22"
"Sobek     ","BLOOMALG23"
"Delft3D   ","BLOOMALG23"
"Sobek     ","BLOOMALG24"
"Delft3D   ","BLOOMALG24"
"Sobek     ","BLOOMALG25"
"Delft3D   ","BLOOMALG25"
"Sobek     ","BLOOMALG26"
"Delft3D   ","BLOOMALG26"
"Sobek     ","BLOOMALG27"
"Delft3D   ","BLOOMALG27"
"Sobek     ","BLOOMALG28"
"Delft3D   ","BLOOMALG28"
"Sobek     ","BLOOMALG29"
"Delft3D   ","BLOOMALG29"
"Sobek     ","BLOOMALG30"
"Delft3D   ","BLOOMALG30"
"Sobek     ","Green     "
"Delft3D   ","Green     "
"Sobek     ","Diat      "
"Delft3D   ","Diat      "
"Sobek     ","POC1      "
"Delft3D   ","POC1      "
"Sobek     ","POC2      "
"Delft3D   ","POC2      "
"Sobek     ","DOC       "
"Delft3D   ","DOC       "
"Sobek     ","POC3      "
"Delft3D   ","POC3      "
"Sobek     ","POC4      "
"Delft3D   ","POC4      "
"Sobek     ","EffTFDIAT "
"Delft3D   ","EffTFDIAT "
"Sobek     ","EffTFFLAE "
"Delft3D   ","EffTFFLAE "
"Sobek     ","EffTGREEN "
"Delft3D   ","EffTGREEN "
"Sobek     ","EffTAPHAN "
"Delft3D   ","EffTAPHAN "
"Sobek     ","EffTAPHNF "
"Delft3D   ","EffTAPHNF "
"Sobek     ","EffTMICRO "
"Delft3D   ","EffTMICRO "
"Sobek     ","EffTOSCIL "
"Delft3D   ","EffTOSCIL "
"Sobek     ","EffTBLUEG "
"Delft3D   ","EffTBLUEG "
"Sobek     ","EffTMDIAT "
"Delft3D   ","EffTMDIAT "
"Sobek     ","EffTMFLAE "
"Delft3D   ","EffTMFLAE "
"Sobek     ","EffTDINOF "
"Delft3D   ","EffTDINOF "
"Sobek     ","EffTDINOM "
"Delft3D   ","EffTDINOM "
"Sobek     ","EffTPHAEO "
"Delft3D   ","EffTPHAEO "
"Sobek     ","EffTULVAS "
"Delft3D   ","EffTULVAS "
"Sobek     ","EffTULVAF "
"Delft3D   ","EffTULVAF "
"Sobek     ","EffTNODUL "
"Delft3D   ","EffTNODUL "
"Sobek     ","EffTANABA "
"Delft3D   ","EffTANABA "
"Sobek     ","EffTALG01 "
"Delft3D   ","EffTALG01 "
"Sobek     ","EffTALG02 "
"Delft3D   ","EffTALG02 "
"Sobek     ","EffTALG03 "
"Delft3D   ","EffTALG03 "
"Sobek     ","EffTALG04 "
"Delft3D   ","EffTALG04 "
"Sobek     ","EffTALG05 "
"Delft3D   ","EffTALG05 "
"Sobek     ","EffTALG06 "
"Delft3D   ","EffTALG06 "
"Sobek     ","EffTALG07 "
"Delft3D   ","EffTALG07 "
"Sobek     ","EffTALG08 "
"Delft3D   ","EffTALG08 "
"Sobek     ","EffTALG09 "
"Delft3D   ","EffTALG09 "
"Sobek     ","EffTALG10 "
"Delft3D   ","EffTALG10 "
"Sobek     ","EffTALG11 "
"Delft3D   ","EffTALG11 "
"Sobek     ","EffTALG12 "
"Delft3D   ","EffTALG12 "
"Sobek     ","EffTALG13 "
"Delft3D   ","EffTALG13 "
"Sobek     ","EffTALG14 "
"Delft3D   ","EffTALG14 "
"Sobek     ","EffTALG15 "
"Delft3D   ","EffTALG15 "
"Sobek     ","EffTALG16 "
"Delft3D   ","EffTALG16 "
"Sobek     ","EffTALG17 "
"Delft3D   ","EffTALG17 "
"Sobek     ","EffTALG18 "
"Delft3D   ","EffTALG18 "
"Sobek     ","EffTALG19 "
"Delft3D   ","EffTALG19 "
"Sobek     ","EffTALG20 "
"Delft3D   ","EffTALG20 "
"Sobek     ","EffTALG21 "
"Delft3D   ","EffTALG21 "
"Sobek     ","EffTALG22 "
"Delft3D   ","EffTALG22 "
"Sobek     ","EffTALG23 "
"Delft3D   ","EffTALG23 "
"Sobek     ","EffTALG24 "
"Delft3D   ","EffTALG24 "
"Sobek     ","EffTALG25 "
"Delft3D   ","EffTALG25 "
"Sobek     ","EffTALG26 "
"Delft3D   ","EffTALG26 "
"Sobek     ","EffTALG27 "
"Delft3D   ","EffTALG27 "
"Sobek     ","EffTALG28 "
"Delft3D   ","EffTALG28 "
"Sobek     ","EffTALG29 "
"Delft3D   ","EffTALG29 "
"Sobek     ","EffTALG30 "
"Delft3D   ","EffTALG30 "
"Sobek     ","Si        "
"Delft3D   ","Si        "
"Sobek     ","H2O       "
"Delft3D   ","H2O       "
"Sobek     ","SUD       "
"Delft3D   ","SUD       "
"Sobek     ","H+        "
"Delft3D   ","H+        "
"Sobek     ","POS1      "
"Delft3D   ","POS1      "
"Sobek     ","Opal      "
"Delft3D   ","Opal      "
"Sobek     ","POS2      "
"Delft3D   ","POS2      "
"Sobek     ","SO4       "
"Delft3D   ","SO4       "
"Sobek     ","APHANFIX  "
"Delft3D   ","APHANFIX  "
"Sobek     ","APHANIZO  "
"Delft3D   ","APHANIZO  "
"Sobek     ","BLUEGRN   "
"Delft3D   ","BLUEGRN   "
"Sobek     ","DINOFLAG  "
"Delft3D   ","DINOFLAG  "
"Sobek     ","DINOMIX   "
"Delft3D   ","DINOMIX   "
"Sobek     ","FDIATOMS  "
"Delft3D   ","FDIATOMS  "
"Sobek     ","FFLAGELA  "
"Delft3D   ","FFLAGELA  "
"Sobek     ","GREENS    "
"Delft3D   ","GREENS    "
"Sobek     ","MDIATOMS  "
"Delft3D   ","MDIATOMS  "
"Sobek     ","MFLAGELA  "
"Delft3D   ","MFLAGELA  "
"Sobek     ","MICROCYS  "
"Delft3D   ","MICROCYS  "
"Sobek     ","OSCILAT   "
"Delft3D   ","OSCILAT   "
"Sobek     ","PHAEOCYS  "
"Delft3D   ","PHAEOCYS  "
"Sobek     ","UlvaF     "
"Delft3D   ","UlvaF     "
"Sobek     ","UlvaS     "
"Delft3D   ","UlvaS     "
"Sobek     ","NODULA    "
"Delft3D   ","NODULA    "
"Sobek     ","ANABAENA  "
"Delft3D   ","ANABAENA  "
"Sobek     ","CYLINFIX  "
"Delft3D   ","CYLINFIX  "
"Sobek     ","ARTHROSP  "
"Delft3D   ","ARTHROSP  "
"Sobek     ","PLANKTOL  "
"Delft3D   ","PLANKTOL  "
"Sobek     ","PSEUDOAN  "
"Delft3D   ","PSEUDOAN  "
"Sobek     ","Phyt      "
"Delft3D   ","Phyt      "
"Sobek     ","AlgN      "
"Delft3D   ","AlgN      "
"Sobek     ","AlgP      "
"Delft3D   ","AlgP      "
"Sobek     ","AlgSi     "
"Delft3D   ","AlgSi     "
"Sobek     ","AlgDM     "
"Delft3D   ","AlgDM     "
"Sobek     ","IM1S1     "
"Delft3D   ","IM1S1     "
"Sobek     ","IM2S1     "
"Delft3D   ","IM2S1     "
"Sobek     ","IM3S1     "
"Delft3D   ","IM3S1     "
"Sobek     ","IM1S2     "
"Delft3D   ","IM1S2     "
"Sobek     ","IM2S2     "
"Delft3D   ","IM2S2     "
"Sobek     ","IM3S2     "
"Delft3D   ","IM3S2     "
"Sobek     ","DetCS1    "
"Delft3D   ","DetCS1    "
"Sobek     ","OOCS1     "
"Delft3D   ","OOCS1     "
"Sobek     ","DiatS1    "
"Delft3D   ","DiatS1    "
"Sobek     ","GreenS1   "
"Delft3D   ","GreenS1   "
"Sobek     ","AAPS1     "
"Delft3D   ","AAPS1     "
"Sobek     ","DetNS1    "
"Delft3D   ","DetNS1    "
"Sobek     ","DetPS1    "
"Delft3D   ","DetPS1    "
"Sobek     ","DetSiS1   "
"Delft3D   ","DetSiS1   "
"Sobek     ","OONS1     "
"Delft3D   ","OONS1     "
"Sobek     ","OOPS1     "
"Delft3D   ","OOPS1     "
"Sobek     ","OOSiS1    "
"Delft3D   ","OOSiS1    "
"Sobek     ","MPB1S1    "
"Delft3D   ","MPB1S1    "
"Sobek     ","MPB2S1    "
"Delft3D   ","MPB2S1    "
"Sobek     ","DetCS2    "
"Delft3D   ","DetCS2    "
"Sobek     ","OOCS2     "
"Delft3D   ","OOCS2     "
"Sobek     ","DiatS2    "
"Delft3D   ","DiatS2    "
"Sobek     ","GreenS2   "
"Delft3D   ","GreenS2   "
"Sobek     ","AAPS2     "
"Delft3D   ","AAPS2     "
"Sobek     ","DetNS2    "
"Delft3D   ","DetNS2    "
"Sobek     ","DetPS2    "
"Delft3D   ","DetPS2    "
"Sobek     ","DetSiS2   "
"Delft3D   ","DetSiS2   "
"Sobek     ","OONS2     "
"Delft3D   ","OONS2     "
"Sobek     ","OOPS2     "
"Delft3D   ","OOPS2     "
"Sobek     ","OOSiS2    "
"Delft3D   ","OOSiS2    "
"Sobek     ","MPB1S2    "
"Delft3D   ","MPB1S2    "
"Sobek     ","MPB2S2    "
"Delft3D   ","MPB2S2    "
"Sobek     ","DOS       "
"Delft3D   ","DOS       "
"Sobek     ","VIVP      "
"Delft3D   ","VIVP      "
"Sobek     ","APATP     "
"Delft3D   ","APATP     "
"Sobek     ","PON3      "
"Delft3D   ","PON3      "
"Sobek     ","PON4      "
"Delft3D   ","PON4      "
"Sobek     ","POP3      "
"Delft3D   ","POP3      "
"Sobek     ","POP4      "
"Delft3D   ","POP4      "
"Sobek     ","POS3      "
"Delft3D   ","POS3      "
"Sobek     ","POS4      "
"Delft3D   ","POS4      "
"Sobek     ","EnCoc     "
"Delft3D   ","EnCoc     "
"Sobek     ","CBOD5     "
"Delft3D   ","CBOD5     "
"Sobek     ","CBOD5_2   "
"Delft3D   ","CBOD5_2   "
"Sobek     ","CBODu_2   "
"Delft3D   ","CBODu_2   "
"Sobek     ","COD_Cr    "
"Delft3D   ","COD_Cr    "
"Sobek     ","COD_Mn    "
"Delft3D   ","COD_Mn    "
"Sobek     ","NBOD5     "
"Delft3D   ","NBOD5     "
"Sobek     ","NBODu     "
"Delft3D   ","NBODu     "
"Sobek     ","CBOD5_3   "
"Delft3D   ","CBOD5_3   "
"Sobek     ","POC5      "
"Delft3D   ","POC5      "
"Sobek     ","PON5      "
"Delft3D   ","PON5      "
"Sobek     ","POP5      "
"Delft3D   ","POP5      "
"Sobek     ","POS5      "
"Delft3D   ","POS5      "
"Sobek     ","SOD       "
"Delft3D   ","SOD       "
"Sobek     ","FeIIIpa   "
"Delft3D   ","FeIIIpa   "
"Sobek     ","FeIId     "
"Delft3D   ","FeIId     "
"Sobek     ","CH4       "
"Delft3D   ","CH4       "
"Sobek     ","SUP       "
"Delft3D   ","SUP       "
"Sobek     ","FeIIId    "
"Delft3D   ","FeIIId    "
"Sobek     ","FeS       "
"Delft3D   ","FeS       "
"Sobek     ","FeS2      "
"Delft3D   ","FeS2      "
"Sobek     ","FeIIIpc   "
"Delft3D   ","FeIIIpc   "
"Sobek     ","FeCO3     "
"Delft3D   ","FeCO3     "
"Sobek     ","MPB1peli  "
"Delft3D   ","MPB1peli  "
"Sobek     ","MPB2psam  "
"Delft3D   ","MPB2psam  "
"Sobek     ","Bulkvolume"
"Delft3D   ","Bulkvolume"
"Sobek     ","Cd        "
"Delft3D   ","Cd        "
"Sobek     ","Cd-Dis    "
"Delft3D   ","Cd-Dis    "
"Sobek     ","Cd-Par    "
"Delft3D   ","Cd-Par    "
"Sobek     ","Cr        "
"Delft3D   ","Cr        "
"Sobek     ","Cr-Dis    "
"Delft3D   ","Cr-Dis    "
"Sobek     ","Cr-Par    "
"Delft3D   ","Cr-Par    "
"Sobek     ","Cu        "
"Delft3D   ","Cu        "
"Sobek     ","Cu-Dis    "
"Delft3D   ","Cu-Dis    "
"Sobek     ","Cu-Par    "
"Delft3D   ","Cu-Par    "
"Sobek     ","Hg        "
"Delft3D   ","Hg        "
"Sobek     ","Hg-Dis    "
"Delft3D   ","Hg-Dis    "
"Sobek     ","Hg-Par    "
"Delft3D   ","Hg-Par    "
"Sobek     ","Ni        "
"Delft3D   ","Ni        "
"Sobek     ","Ni-Dis    "
"Delft3D   ","Ni-Dis    "
"Sobek     ","Ni-Par    "
"Delft3D   ","Ni-Par    "
"Sobek     ","Pb        "
"Delft3D   ","Pb        "
"Sobek     ","Pb-Dis    "
"Delft3D   ","Pb-Dis    "
"Sobek     ","Pb-Par    "
"Delft3D   ","Pb-Par    "
"Sobek     ","As        "
"Delft3D   ","As        "
"Sobek     ","As-Dis    "
"Delft3D   ","As-Dis    "
"Sobek     ","As-Par    "
"Delft3D   ","As-Par    "
"Sobek     ","Va        "
"Delft3D   ","Va        "
"Sobek     ","Va-Dis    "
"Delft3D   ","Va-Dis    "
"Sobek     ","Va-Par    "
"Delft3D   ","Va-Par    "
"Sobek     ","Zn        "
"Delft3D   ","Zn        "
"Sobek     ","Zn-Dis    "
"Delft3D   ","Zn-Dis    "
"Sobek     ","Zn-Par    "
"Delft3D   ","Zn-Par    "
"Sobek     ","CdS1      "
"Delft3D   ","CdS1      "
"Sobek     ","CdS1-Dis  "
"Delft3D   ","CdS1-Dis  "
"Sobek     ","CdS1-Par  "
"Delft3D   ","CdS1-Par  "
"Sobek     ","CrS1      "
"Delft3D   ","CrS1      "
"Sobek     ","CrS1-Dis  "
"Delft3D   ","CrS1-Dis  "
"Sobek     ","CrS1-Par  "
"Delft3D   ","CrS1-Par  "
"Sobek     ","CuS1      "
"Delft3D   ","CuS1      "
"Sobek     ","CuS1-Dis  "
"Delft3D   ","CuS1-Dis  "
"Sobek     ","CuS1-Par  "
"Delft3D   ","CuS1-Par  "
"Sobek     ","HgS1      "
"Delft3D   ","HgS1      "
"Sobek     ","HgS1-Dis  "
"Delft3D   ","HgS1-Dis  "
"Sobek     ","HgS1-Par  "
"Delft3D   ","HgS1-Par  "
"Sobek     ","NiS1      "
"Delft3D   ","NiS1      "
"Sobek     ","NiS1-Dis  "
"Delft3D   ","NiS1-Dis  "
"Sobek     ","NiS1-Par  "
"Delft3D   ","NiS1-Par  "
"Sobek     ","PbS1      "
"Delft3D   ","PbS1      "
"Sobek     ","PbS1-Dis  "
"Delft3D   ","PbS1-Dis  "
"Sobek     ","PbS1-Par  "
"Delft3D   ","PbS1-Par  "
"Sobek     ","AsS1      "
"Delft3D   ","AsS1      "
"Sobek     ","AsS1-Dis  "
"Delft3D   ","AsS1-Dis  "
"Sobek     ","AsS1-Par  "
"Delft3D   ","AsS1-Par  "
"Sobek     ","VaS1      "
"Delft3D   ","VaS1      "
"Sobek     ","VaS1-Dis  "
"Delft3D   ","VaS1-Dis  "
"Sobek     ","VaS1-Par  "
"Delft3D   ","VaS1-Par  "
"Sobek     ","ZnS1      "
"Delft3D   ","ZnS1      "
"Sobek     ","ZnS1-Dis  "
"Delft3D   ","ZnS1-Dis  "
"Sobek     ","ZnS1-Par  "
"Delft3D   ","ZnS1-Par  "
"Sobek     ","CdS2      "
"Delft3D   ","CdS2      "
"Sobek     ","CdS2-Dis  "
"Delft3D   ","CdS2-Dis  "
"Sobek     ","CdS2-Par  "
"Delft3D   ","CdS2-Par  "
"Sobek     ","CrS2      "
"Delft3D   ","CrS2      "
"Sobek     ","CrS2-Dis  "
"Delft3D   ","CrS2-Dis  "
"Sobek     ","CrS2-Par  "
"Delft3D   ","CrS2-Par  "
"Sobek     ","CuS2      "
"Delft3D   ","CuS2      "
"Sobek     ","CuS2-Dis  "
"Delft3D   ","CuS2-Dis  "
"Sobek     ","CuS2-Par  "
"Delft3D   ","CuS2-Par  "
"Sobek     ","HgS2      "
"Delft3D   ","HgS2      "
"Sobek     ","HgS2-Dis  "
"Delft3D   ","HgS2-Dis  "
"Sobek     ","HgS2-Par  "
"Delft3D   ","HgS2-Par  "
"Sobek     ","NiS2      "
"Delft3D   ","NiS2      "
"Sobek     ","NiS2-Dis  "
"Delft3D   ","NiS2-Dis  "
"Sobek     ","NiS2-Par  "
"Delft3D   ","NiS2-Par  "
"Sobek     ","PbS2      "
"Delft3D   ","PbS2      "
"Sobek     ","PbS2-Dis  "
"Delft3D   ","PbS2-Dis  "
"Sobek     ","PbS2-Par  "
"Delft3D   ","PbS2-Par  "
"Sobek     ","AsS2      "
"Delft3D   ","AsS2      "
"Sobek     ","AsS2-Dis  "
"Delft3D   ","AsS2-Dis  "
"Sobek     ","AsS2-Par  "
"Delft3D   ","AsS2-Par  "
"Sobek     ","VaS2      "
"Delft3D   ","VaS2      "
"Sobek     ","VaS2-Dis  "
"Delft3D   ","VaS2-Dis  "
"Sobek     ","VaS2-Par  "
"Delft3D   ","VaS2-Par  "
"Sobek     ","ZnS2      "
"Delft3D   ","ZnS2      "
"Sobek     ","ZnS2-Dis  "
"Delft3D   ","ZnS2-Dis  "
"Sobek     ","ZnS2-Par  "
"Delft3D   ","ZnS2-Par  "
"Sobek     ","153S1     "
"Delft3D   ","153S1     "
"Sobek     ","153S1-Dis "
"Delft3D   ","153S1-Dis "
"Sobek     ","153S1-Par "
"Delft3D   ","153S1-Par "
"Sobek     ","AtrS1     "
"Delft3D   ","AtrS1     "
"Sobek     ","AtrS1-Dis "
"Delft3D   ","AtrS1-Dis "
"Sobek     ","AtrS1-Par "
"Delft3D   ","AtrS1-Par "
"Sobek     ","BaPS1     "
"Delft3D   ","BaPS1     "
"Sobek     ","BaPS1-Dis "
"Delft3D   ","BaPS1-Dis "
"Sobek     ","BaPS1-Par "
"Delft3D   ","BaPS1-Par "
"Sobek     ","DiuS1     "
"Delft3D   ","DiuS1     "
"Sobek     ","DiuS1-Dis "
"Delft3D   ","DiuS1-Dis "
"Sobek     ","DiuS1-Par "
"Delft3D   ","DiuS1-Par "
"Sobek     ","FluS1     "
"Delft3D   ","FluS1     "
"Sobek     ","FluS1-Dis "
"Delft3D   ","FluS1-Dis "
"Sobek     ","FluS1-Par "
"Delft3D   ","FluS1-Par "
"Sobek     ","HCBS1     "
"Delft3D   ","HCBS1     "
"Sobek     ","HCBS1-Dis "
"Delft3D   ","HCBS1-Dis "
"Sobek     ","HCBS1-Par "
"Delft3D   ","HCBS1-Par "
"Sobek     ","HCHS1     "
"Delft3D   ","HCHS1     "
"Sobek     ","HCHS1-Dis "
"Delft3D   ","HCHS1-Dis "
"Sobek     ","HCHS1-Par "
"Delft3D   ","HCHS1-Par "
"Sobek     ","MefS1     "
"Delft3D   ","MefS1     "
"Sobek     ","MefS1-Dis "
"Delft3D   ","MefS1-Dis "
"Sobek     ","MefS1-Par "
"Delft3D   ","MefS1-Par "
"Sobek     ","153S2     "
"Delft3D   ","153S2     "
"Sobek     ","153S2-Dis "
"Delft3D   ","153S2-Dis "
"Sobek     ","153S2-Par "
"Delft3D   ","153S2-Par "
"Sobek     ","AtrS2     "
"Delft3D   ","AtrS2     "
"Sobek     ","AtrS2-Dis "
"Delft3D   ","AtrS2-Dis "
"Sobek     ","AtrS2-Par "
"Delft3D   ","AtrS2-Par "
"Sobek     ","BaPS2     "
"Delft3D   ","BaPS2     "
"Sobek     ","BaPS2-Dis "
"Delft3D   ","BaPS2-Dis "
"Sobek     ","BaPS2-Par "
"Delft3D   ","BaPS2-Par "
"Sobek     ","DiuS2     "
"Delft3D   ","DiuS2     "
"Sobek     ","DiuS2-Dis "
"Delft3D   ","DiuS2-Dis "
"Sobek     ","DiuS2-Par "
"Delft3D   ","DiuS2-Par "
"Sobek     ","FluS2     "
"Delft3D   ","FluS2     "
"Sobek     ","FluS2-Dis "
"Delft3D   ","FluS2-Dis "
"Sobek     ","FluS2-Par "
"Delft3D   ","FluS2-Par "
"Sobek     ","HCBS2     "
"Delft3D   ","HCBS2     "
"Sobek     ","HCBS2-Dis "
"Delft3D   ","HCBS2-Dis "
"Sobek     ","HCBS2-Par "
"Delft3D   ","HCBS2-Par "
"Sobek     ","HCHS2     "
"Delft3D   ","HCHS2     "
"Sobek     ","HCHS2-Dis "
"Delft3D   ","HCHS2-Dis "
"Sobek     ","HCHS2-Par "
"Delft3D   ","HCHS2-Par "
"Sobek     ","MefS2     "
"Delft3D   ","MefS2     "
"Sobek     ","MefS2-Dis "
"Delft3D   ","MefS2-Dis "
"Sobek     ","MefS2-Par "
"Delft3D   ","MefS2-Par "
"Sobek     ","153       "
"Delft3D   ","153       "
"Sobek     ","153-dis   "
"Delft3D   ","153-dis   "
"Sobek     ","153-par   "
"Delft3D   ","153-par   "
"Sobek     ","ATR       "
"Delft3D   ","ATR       "
"Sobek     ","Atr-dis   "
"Delft3D   ","Atr-dis   "
"Sobek     ","Atr-par   "
"Delft3D   ","Atr-par   "
"Sobek     ","BaP       "
"Delft3D   ","BaP       "
"Sobek     ","BaP-dis   "
"Delft3D   ","BaP-dis   "
"Sobek     ","BaP-par   "
"Delft3D   ","BaP-par   "
"Sobek     ","Diu       "
"Delft3D   ","Diu       "
"Sobek     ","Diu-dis   "
"Delft3D   ","Diu-dis   "
"Sobek     ","Diu-par   "
"Delft3D   ","Diu-par   "
"Sobek     ","Flu       "
"Delft3D   ","Flu       "
"Sobek     ","Flu-dis   "
"Delft3D   ","Flu-dis   "
"Sobek     ","Flu-par   "
"Delft3D   ","Flu-par   "
"Sobek     ","HCB       "
"Delft3D   ","HCB       "
"Sobek     ","HCB-dis   "
"Delft3D   ","HCB-dis   "
"Sobek     ","HCB-par   "
"Delft3D   ","HCB-par   "
"Sobek     ","HCH       "
"Delft3D   ","HCH       "
"Sobek     ","HCH-dis   "
"Delft3D   ","HCH-dis   "
"Sobek     ","HCH-par   "
"Delft3D   ","HCH-par   "
"Sobek     ","Mef       "
"Delft3D   ","Mef       "
"Sobek     ","Mef-dis   "
"Delft3D   ","Mef-dis   "
"Sobek     ","Mef-par   "
"Delft3D   ","Mef-par   "
"Sobek     ","DetC      "
"Delft3D   ","DetC      "
"Sobek     ","DetN      "
"Delft3D   ","DetN      "
"Sobek     ","DetP      "
"Delft3D   ","DetP      "
"Sobek     ","DetSi     "
"Delft3D   ","DetSi     "
"Sobek     ","OMP       "
"Delft3D   ","OMP       "
"Sobek     ","OMPS1     "
"Delft3D   ","OMPS1     "
"Sobek     ","OMPS2     "
"Delft3D   ","OMPS2     "
"Sobek     ","Prec      "
"Delft3D   ","Prec      "
"Sobek     ","OMPS1-Dis "
"Delft3D   ","OMPS1-Dis "
"Sobek     ","OMPS1-Par "
"Delft3D   ","OMPS1-Par "
"Sobek     ","OMPS2-Dis "
"Delft3D   ","OMPS2-Dis "
"Sobek     ","OMPS2-Par "
"Delft3D   ","OMPS2-Par "
"Sobek     ","OMP-dis   "
"Delft3D   ","OMP-dis   "
"Sobek     ","OMP-par   "
"Delft3D   ","OMP-par   "
"Sobek     ","Zoopl_V   "
"Delft3D   ","Zoopl_V   "
"Sobek     ","Mussel_V  "
"Delft3D   ","Mussel_V  "
"Sobek     ","Grazer3_V "
"Delft3D   ","Grazer3_V "
"Sobek     ","Grazer4_V "
"Delft3D   ","Grazer4_V "
"Sobek     ","Grazer5_V "
"Delft3D   ","Grazer5_V "
"Sobek     ","VB01      "
"Delft3D   ","VB01      "
"Sobek     ","VB02      "
"Delft3D   ","VB02      "
"Sobek     ","VB03      "
"Delft3D   ","VB03      "
"Sobek     ","VB04      "
"Delft3D   ","VB04      "
"Sobek     ","VB05      "
"Delft3D   ","VB05      "
"Sobek     ","VB06      "
"Delft3D   ","VB06      "
"Sobek     ","VB07      "
"Delft3D   ","VB07      "
"Sobek     ","VB08      "
"Delft3D   ","VB08      "
"Sobek     ","VB09      "
"Delft3D   ","VB09      "
"Sobek     ","RH01      "
"Delft3D   ","RH01      "
"Sobek     ","NRH01     "
"Delft3D   ","NRH01     "
"Sobek     ","PRH01     "
"Delft3D   ","PRH01     "
"Sobek     ","RH02      "
"Delft3D   ","RH02      "
"Sobek     ","NRH02     "
"Delft3D   ","NRH02     "
"Sobek     ","PRH02     "
"Delft3D   ","PRH02     "
"Sobek     ","RH03      "
"Delft3D   ","RH03      "
"Sobek     ","NRH03     "
"Delft3D   ","NRH03     "
"Sobek     ","PRH03     "
"Delft3D   ","PRH03     "
"Sobek     ","RH04      "
"Delft3D   ","RH04      "
"Sobek     ","NRH04     "
"Delft3D   ","NRH04     "
"Sobek     ","PRH04     "
"Delft3D   ","PRH04     "
"Sobek     ","RH05      "
"Delft3D   ","RH05      "
"Sobek     ","NRH05     "
"Delft3D   ","NRH05     "
"Sobek     ","PRH05     "
"Delft3D   ","PRH05     "
"Sobek     ","Mussel_E  "
"Delft3D   ","Mussel_E  "
"Sobek     ","Mussel_R  "
"Delft3D   ","Mussel_R  "
"Sobek     ","Mussel_N  "
"Delft3D   ","Mussel_N  "
"Sobek     ","F1        "
"Delft3D   ","F1        "
"Sobek     ","F2        "
"Delft3D   ","F2        "
"Sobek     ","F3        "
"Delft3D   ","F3        "
"Sobek     ","F4        "
"Delft3D   ","F4        "
"Sobek     ","F5        "
"Delft3D   ","F5        "
"Sobek     ","F6        "
"Delft3D   ","F6        "
"Sobek     ","F7        "
"Delft3D   ","F7        "
"Sobek     ","F8        "
"Delft3D   ","F8        "
"Sobek     ","Zoopl_E   "
"Delft3D   ","Zoopl_E   "
"Sobek     ","Zoopl_R   "
"Delft3D   ","Zoopl_R   "
"Sobek     ","Zoopl_N   "
"Delft3D   ","Zoopl_N   "
"Sobek     ","Grazer3_E "
"Delft3D   ","Grazer3_E "
"Sobek     ","Grazer3_R "
"Delft3D   ","Grazer3_R "
"Sobek     ","Grazer3_N "
"Delft3D   ","Grazer3_N "
"Sobek     ","Grazer4_E "
"Delft3D   ","Grazer4_E "
"Sobek     ","Grazer4_R "
"Delft3D   ","Grazer4_R "
"Sobek     ","Grazer4_N "
"Delft3D   ","Grazer4_N "
"Sobek     ","Grazer5_E "
"Delft3D   ","Grazer5_E "
"Sobek     ","Grazer5_R "
"Delft3D   ","Grazer5_R "
"Sobek     ","Grazer5_N "
"Delft3D   ","Grazer5_N "
"Sobek     ","Cascade1  "
"Delft3D   ","Cascade1  "
"Sobek     ","Cascade2  "
"Delft3D   ","Cascade2  "
"Sobek     ","Cascade3  "
"Delft3D   ","Cascade3  "
"Sobek     ","Cascade4  "
"Delft3D   ","Cascade4  "
"Sobek     ","Cascade5  "
"Delft3D   ","Cascade5  "
"Sobek     ","Virus1    "
"Delft3D   ","Virus1    "
"Sobek     ","Virus2    "
"Delft3D   ","Virus2    "
"Sobek     ","Virus3    "
"Delft3D   ","Virus3    "
"Sobek     ","Virus1S1  "
"Delft3D   ","Virus1S1  "
"Sobek     ","Virus2S1  "
"Delft3D   ","Virus2S1  "
"Sobek     ","Virus3S1  "
"Delft3D   ","Virus3S1  "
"Sobek     ","Virus1-dis"
"Delft3D   ","Virus1-dis"
"Sobek     ","Virus1-par"
"Delft3D   ","Virus1-par"
"Sobek     ","Virus2-dis"
"Delft3D   ","Virus2-dis"
"Sobek     ","Virus2-par"
"Delft3D   ","Virus2-par"
"Sobek     ","Virus3-dis"
"Delft3D   ","Virus3-dis"
"Sobek     ","Virus3-par"
"Delft3D   ","Virus3-par"
"Sobek     ","Vir1S1-Dis"
"Delft3D   ","Vir1S1-Dis"
"Sobek     ","Vir1S1-Par"
"Delft3D   ","Vir1S1-Par"
"Sobek     ","Vir2S1-Dis"
"Delft3D   ","Vir2S1-Dis"
"Sobek     ","Vir2S1-Par"
"Delft3D   ","Vir2S1-Par"
"Sobek     ","Vir3S1-Dis"
"Delft3D   ","Vir3S1-Dis"
"Sobek     ","Vir3S1-Par"
"Delft3D   ","Vir3S1-Par"
"Sobek     ","Vir1S2    "
"Delft3D   ","Vir1S2    "
"Sobek     ","Vir1S2-par"
"Delft3D   ","Vir1S2-par"
"Sobek     ","Vir2S2-par"
"Delft3D   ","Vir2S2-par"
"Sobek     ","Vir2S2    "
"Delft3D   ","Vir2S2    "
"Sobek     ","Vir3S2-par"
"Delft3D   ","Vir3S2-par"
"Sobek     ","Vir3S2    "
"Delft3D   ","Vir3S2    "
